epoch,train_loss,val_loss,val_perplexity
1,4.38331508853921,4.3321092384905855,76.10464023417065
2,4.221790205626933,4.087762060244222,59.60634691382918
3,3.9587798403846706,3.8355895625658274,46.32072858695644
4,3.750805448744744,3.6685681875087015,39.19574470690153
5,3.6096595147356156,3.558503822846846,35.110626110503595
