epoch,train_loss,val_loss,val_perplexity
1,4.380108242945898,4.32134341405443,75.28970563116115
2,4.219866892133571,4.085622497826568,59.47895174767194
3,3.958308268291501,3.83903044511464,46.48038729951294
4,3.7513872983718026,3.6733633427580528,39.384145732969635
5,3.6105367524217877,3.561441537762476,35.21392277431157
