epoch,train_loss,val_loss,val_perplexity
1,4.320207985855445,4.31821391602193,75.05445494579848
2,4.2441311390134135,4.199066717762593,66.62412290607577
3,4.113498197345191,4.056469003031077,57.76996494736426
4,3.9901902444734874,3.940429933800185,51.440712648051495
5,3.8810525854338005,3.837580956703375,46.41306332122176
