epoch,train_loss,val_loss,val_perplexity
1,4.380929436515346,4.323240235320523,75.43265227517809
2,4.208581683635999,4.0604987572401,58.00323339835827
3,3.930897339613032,3.801481750276354,44.76746958262395
4,3.718219844020572,3.637580600559202,37.9997887522342
5,3.5775889789982025,3.5296768775353065,34.112943175451484
